sample_index,true_label,true_class,pred_label,pred_class,pred_prob,true_prob,pred_logit,true_logit,logit_gap
2827,27,crocodile,42,leopard,0.908276379108429,0.0006238372880034149,6.89502477645874,-0.388389527797699,7.283414304256439
7762,28,cup,9,bottle,0.895260214805603,0.0006332886405289173,6.746626377105713,-0.5073168277740479,7.253943204879761
6522,16,can,61,plate,0.8849851489067078,0.0007150801247917116,6.868381500244141,-0.2525501549243927,7.120931655168533
