train_loss,train_acc,val_loss,val_acc
2.0039672050476076,0.63725,1.307761277961731,0.8223
1.449547920179367,0.7816,1.2154047306060791,0.8502
1.29556316447258,0.833275,1.1741083858489991,0.867
1.1633096824169158,0.874725,1.1307158920288085,0.8796
1.081704774427414,0.9042,1.110622957611084,0.8868
1.020071988773346,0.9255,1.0915278310775758,0.8943
